Date,Month,Year,Title,Director,Cast,Genre,Budget,Box Office
1,Jan,2016,Monsoon Shootout,Amit Kumar,"Nawazuddin Siddiqui, Tannishtha Chatterjee, Neeraj Kabi, Sreejita De",Neo-noir,28,28
8,Jan,2016,Wazir,Bejoy Nambiar,"Amitabh Bachchan, Farhan Akhtar, Aditi Rao Hydari, John Abraham, Neil Nitin Mukesh",Thriller,56,420
15,Jan,2016,Chalk n Duster,Jayant Gilatar,"Shabana Azmi, Juhi Chawla, Divya Dutta, Zarina Wahab, Arya Babbar, Richa Chadha",Drama,30,57
15,Jan,2016,Rebellious Flower,Krishan Hooda,"Prince Shah, Shashank Singh, Mantra Mugdha, Kirti Adarkar, Bachchan Pachera, Shaneel Sinha",Biopic,19,3
22,Jan,2016,Airlift,Raja Krishna Menon,"Akshay Kumar, Nimrat Kaur, Purab Kohli, Ferena Wazeir, Gunjan Malhotra",War/thriller,400,1290
22,Jan,2016,Jugni,Shefali Bhushan,"Sugandha Garg, Siddhant Behl, Sadhana Singh, Anuritta K Jha, Samir Sharma",Musical drama,4,21
22,Jan,2016,Kyaa Kool Hain Hum 3,Umesh Ghadge,"Tushar Kapoor, Aftab Shivdasani, Mandana Karimi, Meghna Naidu, Darshan Jariwala, Krushna Abhishek, Claudia Ciesla, Riteish Deshmukh, Gauhar Khan, Gizele Thakral, VJ Andy, Danny Saru",Adult comedy,280,302.5
29,Jan,2016,Saala Khadoos,Sudha Kongara Prasad,"R. Madhavan, Ritika Singh",Sports,220,147.5
29,Jan,2016,Mastizaade,Milap Milan Zaveri,"Tushar Kapoor, Vir Das, Sunny Leone, Shaad Randhawa, Riteish Deshmukh, Gizele Thakral, Bruna Abdullah",Adult comedy,300,384.2
5,Feb,2016,Sanam Teri Kasam,"Radhika Rao, Vinay Sapru","Mawra Hocane, Harshvardhan Rane, Anurag Sinha, Shraddha Das",Romance,210,90
5,Feb,2016,Ghayal Once Again,Sunny Deol,"Sunny Deol, Soha Ali Khan, Aanchal Munjal, Daina Khan, Shivam Patil, Rishabh Arora, Abhilash Kumar",Drama/action,400,400
12,Feb,2016,Fitoor,Abhishek Kapoor,"Aditya Roy Kapoor, Katrina Kaif, Tabu, Ajay Devgn, Aditi Rao Hydari, Akshay Oberoi, Lara Dutta, Rahul Bhatt",Romance/drama,600,186.1
12,Feb,2016,Sanam Re,Divya Khosla Kumar,"Pulkit Samrat, Yami Gautam, Urvashi Rautela, Rishi Kapoor, Divya Khosla Kumar, Bharti Singh, Shreyas Pardiwalla",Romance,205,303.2
19,Feb,2016,Direct Ishq,Rajiv S. Ruia,"Rajneesh Duggal, Nidhi Subbaiah, Arjun Bijlani",Drama,28,32
19,Feb,2016,Ishq Forever,Sameer Sippy,"Krishna Chaturvedi, Ruhi Singh, Javed Jaffrey, Lisa Ray",Drama,70,2
19,Feb,2016,LoveShhuda,Vaibhav Mishra,"Girish Kumar, Navneet Kaur Dhillon, Benaf Dadachandji, Yash Pandit",Romance,200,57
19,Feb,2016,Neerja,Ram Madhvani,"Sonam Kapoor, Shabana Azmi, Shekhar Ravjiani",Biopic/drama,250,756.1
26,Feb,2016,Dhara 302,Jitender Singh Narukal,"Rufy Khan, Dipti Dhotre, Gulshan Pandey",Action/drama,62,40
26,Feb,2016,Aligarh,Hansal Mehta,"Manoj Bajpayee, Rajkummar Rao",Biopic/drama,180,20
26,Feb,2016,Bollywood Diaries,K.D. Satyam,"Raima Sen, Ashish Vidyarthi, Salim Diwan, Karuna Pandey, Vineet Kumar Singh",Drama,18,6
26,Feb,2016,Love Shagun,Sandesh Nayak,"Anuj Sachdeva, Nidhi Subbaiah, Manit Joura",Romance/comedy,33,61
26,Feb,2016,Tere Bin Laden: Dead or Alive,Abhishek Sharma,"Manish Paul, Sikander Kher, Pradhuman Singh, Ali Zafar, Sugandha Ram",Comedy,140,37.5
4,Mar,2016,Zubaan,Mozez Singh,"Vicky Kaushal, Sarah Jane Dias, Raghav Chanana",Drama,6,38
4,Mar,2016,Jai Gangaajal,Prakash Jha,"Priyanka Chopra, Anuj Aggarwal, Prakash Jha, Rahul Bhatt",Action/drama,300,380
11,Mar,2016,Global Baba,Manoj Sidheshwari Tewari,"Abhimanyu Singh, Sandeepa Dhar, Ravi Kishan, Pankaj Tripathi, Sanjay Mishra, Akhilendra Mishra",Satire,41,22
11,Mar,2016,Teraa Surroor,Shawn Arranha,"Himesh Reshammiya, Farah Karimi, Monica Dogra, Naseeruddin Shah, Shekhar Kapur",Action/romance/thriller,65,141.5
11,Mar,2016,OK Mein Dhokhe,Utpal S. Chaudhary,"Zoya Rathore, Sapan Krishna, Vaidhei Singh, Megha Verma, Ravi Thakur, Milan Singh",Drama/thriller,110,32
18,Mar,2016,Kapoor & Sons,Shakun Batra,"Sidharth Malhotra, Alia Bhatt, Fawad Khan, Rishi Kapoor",Drama/comedy,370,730.3
25,Mar,2016,Rocky Handsome,Nishikant Kamat,"John Abraham, Shruti Haasan, Nathalia Kaur",Action,420,264.1
8,Apr,2016,Ki & Ka,R. Balki,"Kareena Kapoor, Arjun Kapoor, Amitabh Bachchan, Jaya Bachchan",Romance/comedy,300,1
9,Apr,2016,Love Games,Vikram Bhatt,"Patralekha, Tara Alisha Berry, Gaurav Arora",Thriller,140,33.5
15,Apr,2016,The Blueberry Hunt,Anup Kurien,"Naseeruddin Shah, Vipin Sharma, Vinay Forrt",Thriller,12,3
22,Apr,2016,Fan,Maneesh Sharma,"Shah Rukh Khan, Waluscha de Sousa, Sayani Gupta, Shriya Pilgaonkar",Action/drama/thriller,1050,850
22,Apr,2016,Nil Battey Sannata,Ashwini Iyer Tiwari,"Swara Bhaskar, Ratna Pathak, Pankaj Tripathi, Sanjay Suri",Comedy/drama,26,14
22,Apr,2016,Laal Rang,Syed Ahmad Afzal,"Randeep Hooda, Akshay Oberoi, Rajneesh Duggal, Piaa Bajpai",Action,44,67
29,Apr,2016,Santa Banta Pvt Ltd,Akashdeep Sabir,"Vir Das, Boman Irani, Ram Kapoor, Neha Dhupia, Lisa Haydon",Comedy,50,70
29,Apr,2016,Baaghi,Sabbir Khan,"Tiger Shroff, Shraddha Kapoor, Sudheer Babu, Sunil Grover",Action,470,760
6,May,2016,Shortcut Safari,Amitabha Singh,"Jimmy Shergill, Aashi Rawal, Sharvil Patel, Mann Patel, Ugam Khetani, Stuti Dwivedi, Deah Tandon, Hardil Kanaba","Adventure, drama",6,64
6,May,2016,One Night Stand,Jasmine Moses D'Souza,"Sunny Leone, Tanuj Virwani, Nyra Banerjee",Thriller,14,63
6,May,2016,Traffic,Rajesh Pillai,"Manoj Bajpayee, Jimmy Sheirgill, Divya Dutta, Kitu Gidwani, Prosenjit Chatterjee, Sachin Khedekar, Nikita Thukral, Vishal Singh, Parambrata Chatterjee",Thriller,49,17
13,May,2016,1920 London,Tinu Suresh Desai,"Sharman Joshi, Meera Chopra, Vishal Karwal",Horror,120,146.2
13,May,2016,Azhar,Tony D'Souza,"Emraan Hashmi, Nargis Fakhri, Prachi Desai, Gautam Gulati, Kunaal Roy Kapur, Lara Dutta, Karanvir Sharma",Biopic,380,330
13,May,2016,Buddha in a Traffic Jam,Vivek Agnihotri,"Arunoday Singh, Mahie Gill, Anchal Dwivedi, Pallavi Joshi, Anupam Kher",Political drama,54,15
16,May,2016,Khel Toh Ab Shuru Hoga,Kunal V Singh,"Ruslaan Mumtaz, Devshi Khanduri",Action,43,10
20,May,2016,Dear Dad,Tanuj Bhramar,"Arvind Swamy, Himanshu Sharma, Ekavali Khanna",Drama,68,10
20,May,2016,Kaptaan,Mandeep Kumar,"Gippy Grewal, Karishma Kotak, Rishaan Dutta",Comedy,40,19
27,May,2016,Sarbjit,Omung Kumar,"Aishwarya Rai, Randeep Hooda, Richa Chadha",Biopic,300,290
27,May,2016,Phobia,Pawan Kripalani,"Radhika Apte, Satyadeep Misra",Thriller,52,25
27,May,2016,Veerappan,Ram Gopal Varma,"Sandeep Bharadwaj, Lisa Ray, Sachiin Joshi, Zarine Khan, Usha Jadhav",Action,71,90
27,May,2016,Fredrick,Rajesh Butalia,"Prashant Narayanan, Avinash Dhyani, KK,",Action/psychological thriller,32,43
3,Jun,2016,Waiting,Anu Menon,"Naseeruddin Shah, Kalki Koechlin, Arjun Mathur, Rajat Kapoor, Suhasini Maniratnam",Drama,45,57
10,Jun,2016,Housefull 3,Sajid-Farhad,"Akshay Kumar, Abhishek Bachchan, Riteish Deshmukh, Jacqueline Fernandez, Lisa Haydon, Nargis Fakhri, Nikitin Dheer",Comedy,850,1077
10,Jun,2016,Do Lafzon Ki Kahani,Deepak Tijori,"Randeep Hooda, Kajal Aggarwal",Romantic,18,32.5
10,Jun,2016,Dhanak,Nagesh Kukunoor,"Hetal Gadda, Krrish Chabbria, Vipin Sharma, Vibha Chibber, Vijay Maurya",Drama,18,55
17,Jun,2016,Te3n,Ribhu Dasgupta,"Amitabh Bachchan, Vidya Balan, Nawazuddin Siddiqui",Thriller,280,178
17,Jun,2016,Udta Punjab,Abhishek Chaubey,"Shahid Kapoor, Alia Bhatt, Kareena Kapoor, Diljit Dosanjh",Crime,48,596
24,Jun,2016,Luv U Alia,Indrajit Lankesh,"Bhumika Chawla, V. Ravichandran, Sudeep, Sunny Leone, Chandan Kumar, Sangeeta Chauhan",Romance,73,26
24,Jun,2016,Raman Raghav 2.0,Anurag Kashyap,"Nawazuddin Siddiqui, Vicky Kaushal, Sobhita Dhulipala",Crime/thriller,70,50.8
24,Jun,2016,Junooniyat,Vivek Agnihotri,"Pulkit Samrat, Yami Gautam, Gulshan Devaiah, Hrishita Bhatt",Romance,0,40
24,Jun,2016,7 Hours To Go,Saurabh Varma,"Shiv Pandit, Sandeepa Dhar, Natasa Stankovic, Varun Badola",Crime/thriller,48,48
24,Jun,2016,A Scandall,Ishaan Shrivedi,"Manav Kaul, Tanvi Vyas",Adult,14,33
24,Jun,2016,Rough Book,Ananth Narayan Mahadevan,"Amaan Khan, Tannishtha Chatterjee",Drama,5,18
6,Jul,2016,Shorgul,"Pranav Kumar Singh, Jitendra Tiwari","Jimmy Sheirgill, Suha Gezen, Ashutosh Rana, Narendra Jha",Political/drama,56,60
6,Jul,2016,Dil Toh Deewana Hai,Raja Bundela,"Haider Khan, Sadha, Raj Babbar, Zeenat Aman, Sushmita Mukherjee, Alok Nath, Hemant Pandey",Comedy/romance,45,38
6,Jul,2016,Sultan,Ali Abbas Zafar,"Salman Khan, Anushka Sharma, Randeep Hooda, Amit Sadh",Sports/drama,900,3004.5
15,Jul,2016,Brahman Naman,Qaushiq Mukherjee,"Shashank Arora, Sid Mallya, Denzil Smith, Biswa Kalyan Rath, Tanmay Dhananiya, Vaishwath Shankar",Comedy,40,5
22,Jul,2016,Great Grand Masti,Indra Kumar,"Vivek Oberoi, Riteish Deshmukh, Aftab Shivdasani, Urvashi Rautela, Shraddha Das, Mishti, Pooja Bose, Sonali Raut, Shreyas Talpade",Comedy,420,130
22,Jul,2016,Madaari,Nishikant Kamat,"Irrfan Khan, Jimmy Sheirgill",Drama,240,180.7
22,Jul,2016,Ishq Click,Anil Ballani,"Adhyayan Suman, Sara Loren",Romance/drama,69,40
22,Jul,2016,M Cream,Agneya Singh,"Imaad Shah, Ira Dubey, Raaghav Chanana",Road movie,63,33
29,Jul,2016,Kabali,Pa. Ranjith,"Rajinikanth, Winston Chao, Radhika Apte",Action,900,240
29,Jul,2016,Dishoom,Rohit Dhawan,"John Abraham, Varun Dhawan, Jacqueline Fernandez, Saqib Saleem, Ram Kapoor, Nargis Fakhri, Akshaye Khanna",Action,650,700
5,Aug,2016,Love Ke Funday,Indervesh Yogee,"Shaleen Bhanot, Pooja Banerjee",Comedy,71,21
5,Aug,2016,The Legend of Michael Mishra,Manish Jha,"Arshad Warsi, Aditi Rao Hydari, Boman Irani, Kayoze Irani",Romance/drama,72,55
5,Aug,2016,Fever,Rajeev Jhaveri,"Rajeev Khandelwal, Gauhar Khan, Gemma Atkinson, Victor Banerjee, Caterina Murino, Ankita Makwana",Thriller,46,64
12,Aug,2016,Hai Apna Dil Toh Awara,Monjoy Mukerji,Sahil Anand,Comedy/romance,19,4
12,Aug,2016,Mohenjo Daro,Ashutosh Gowariker,"Hrithik Roshan, Pooja Hegde, Kabir Bedi, Arunoday Singh, Sharad Kelkar",Drama,1150,580
19,Aug,2016,Rustom,Tinu Suresh Desai,"Akshay Kumar, Ileana D'Cruz, Esha Gupta, Arjan Bajwa",Romance/thriller,650,1274.9
25,Aug,2016,Happy Bhaag Jayegi,Mudassar Aziz,"Abhay Deol, Diana Penty, Momal Sheikh, Ali Fazal, Jimmy Sheirgill",Comedy,180,288.2
25,Aug,2016,Waarrior Savitri,Param Gill,"Niharica Raizada, Lucy Pinder, Rajat Barmecha",Action,36,74
2,Sep,2016,A Flying Jatt,Remo D'Souza,"Tiger Shroff, Jacqueline Fernandez, Nathan Jones, Kay Kay Menon, Amrita Singh, Shraddha Kapoor",Action/comedy,500,386.1
2,Sep,2016,Akira,A.R. Murugadoss,"Sonakshi Sinha, Konkona Sen Sharma, Raai Laxmi, Amit Sadh, Anurag Kashyap, Atul Kulkarni",Action/drama,300,287.3
2,Sep,2016,Yea Toh Two Much Ho Gayaa,Anwer Khan,"Arbaaz Khan, Jimmy Sheirgill, Pooja Chopra, Bruna Abdullah, Devansh Sharma",Action/drama,22,52
9,Sep,2016,Island City,Ruchika Oberoi,"Tannishtha Chatterjee, Ashwin Mushran, Vinay Pathak, Amruta Subhash",Drama,61,1
9,Sep,2016,Baar Baar Dekho,Nitya Mehra,"Katrina Kaif, Sidharth Malhotra, Ram Kapoor, Taaha Shah, Sarika, Sayani Gupta",Romance/drama,460,309
9,Sep,2016,Freaky Ali,Sohail Khan,"Nawazuddin Siddiqui, Arbaaz Khan, Amy Jackson, Jas Arora, Seema Biswas, Nikitin Dheer, Asif Basra, Paresh Ganatra, Alam Khan","Romantic, comedy, sports",190,143.5
16,Sep,2016,Ek Kahani Julie Ki,Aziz Zee,Rakhi Sawant,Thriller,4,33
16,Sep,2016,Raaz Reboot,Vikram Bhatt,"Emraan Hashmi, Kriti Kharbanda, Gaurav Arora, Suzanna Mukherjee",Horror,300,290
23,Sep,2016,Pink,Aniruddha Roy Chowdhury,"Amitabh Bachchan, Taapsee Pannu, Kirti Kulhari, Andrea Tariang, Angad Bedi",Drama,260,680
23,Sep,2016,Parched,Leena Yadav,"Tannishtha Chatterjee, Radhika Apte, Surveen Chawla, Sayani Gupta",Drama,35,10
23,Sep,2016,Banjo,Ravi Jadhav,"Riteish Deshmukh, Nargis Fakhri , Dharmesh Yelande ,",Comedy/drama,300,86.7
23,Sep,2016,Days of Tafree,Krishnadev Yagnik,"Yash Soni, Nimisha Mehta",Comedy,56,23
30,Sep,2016,Wah Taj,Ajit Sinha,"Shreyas Talpade, Manjari Phadnis, Hemant Pandey, Rajesh Sharma, Rajeev Verma",Satirical,23,48
30,Sep,2016,M.S. Dhoni: The Untold Story,Neeraj Pandey,"Sushant Singh Rajput, Anupam Kher, Herry Tangri, Kiara Advani, Disha Patani, Bhumika Chawla",Sports/biopic,1040,1330.4
30,Oct,2016,Mirzya,Rakeysh Omprakash Mehra,"Harshvardhan Kapoor, Saiyami Kher, Om Puri, Art Malik, K.K. Raina",Drama/romance,350,110
30,Oct,2016,MSG: The Warrior Lion Heart,"Gurmeet Ram Rahim Singh, Honeypreet Insan","Gurmeet Ram Rahim Singh, Honeypreet Insan, Charapreet Insan, Kainaat Insan, Garima Insan, Rajesh Insan, Sukhottam Insan, Ashok Insan, Bhushan Insan",Adventure/drama,41,6
14,Oct,2016,Tutak Tutak Tutiya,A. L. Vijay,"Prabhu Deva, Tamannaah, Sonu Sood",Supernatural comedy,72,26
14,Oct,2016,Anna,Shashank Udapurkar,"Shashank Udapurkar, Tanishaa Mukerji, Govind Namdeo, Rajit Kapur, Sharat Saxena, Kishor Kadam",Biographical,40,72
14,Oct,2016,Motu Patlu: King Of Kings,Suhas D. Kadavand,"Saurav Chakraborty, Omi Sharma","Action, comedy, adventure, animation",56,70
14,Oct,2016,Beiimaan Love,Rajeev Chaudhary,"Sunny Leone, Rajneesh Duggal,Daniel Weber",Thriller,1,20
14,Oct,2016,Saat Uchakkey,Sanjeev Sharma,"Manoj Bajpayee, Anupam Kher, Kay Kay Menon, Annu Kapoor, Vijay Raaz, Aditi Sharma",Comedy,52,15
14,Oct,2016,Fuddu,Sunil Subramani,"Swati Kapoor, Monali A, Sunny Leone, Sharman Joshi, Gauhar Khan, Pawan Kumar Sharma, Anurag Basu",Drama,8,59
21,Oct,2016,Aakhir Kab Tak,Mithilesh Avinash,"Manisha Singh, Vinay Rana",Social drama,126,13
21,Oct,2016,Ek Tera Saath,Arshad Siddiqui,"Sharad Malhotra, Hritu Dudani, Melanie Nazareth, Vishwajeet Pradhan, Deepraj Rana, Gargi Patel, Aprajita Mahajan, Anubhav Dhir",Supernatural thriller,1,41
21,Oct,2016,Umrika,Prashant Nair,"Prateik Babbar, Suraj Sharma, Tony Revolori, Adil Hussain, Nidhi Bisht",Drama,42,46
28,Oct,2016,31st October,Shivaji Lotan Patil,"Vir Das, Soha Ali Khan","Drama, thriller",420,11
28,Oct,2016,Shivaay,Ajay Devgn,"Ajay Devgn, Sayyeshaa, Erika Kaar, Ali Kazmi, Jabbz Farooqi, Vir Das, Bijou Thaangjam",Action/drama,1200,1003.5
11,Nov,2016,Ae Dil Hai Mushkil,Karan Johar,"Ranbir Kapoor, Aishwarya Rai, Anushka Sharma, Fawad Khan, Imran Abbas, Lisa Haydon",Drama/romance,920,112.5
11,Nov,2016,Chaar Sahibzaade: Rise of Banda Singh Bahadur,Harry Baweja,Harman Baweja,"Action, drama, animation",70,27
11,Nov,2016,Dongri Ka Raja,Hadi Ali Abrar,"Gashmeer Mahajani, Reecha Sinha, Ronit Roy, Sachin Suvarna, Ashmit Patel, Sunny Leone",Action/thriller,50,56
11,Nov,2016,Ishq Junoon,Sanjay Sharma,"Rajbeer Singh, Akshay Rangshahi, Divya Singh, Raj Aryan",Romantic/Erotic,69,74
18,Nov,2016,Rock On 2,Sujaat Saudagar,"Farhan Akhtar, Arjun Rampal, Purab Kohli, Shraddha Kapoor, Prachi Desai, Shashank Arora, Shahana Goswami",Drama,450,115
18,Nov,2016,Tum Bin 2,Anubhav Sinha,"Neha Sharma, Aditya Seal, Aashim Gulati",Romance,150,35
25,Nov,2016,Force 2,Abhinay Deo,"John Abraham, Sonakshi Sinha, Tahir Raj Bhasin",Action,450,375
25,Nov,2016,Dear Zindagi,Gauri Shinde,"Alia Bhatt, Shah Rukh Khan, Ira Dubey, Kunal Kapoor",Drama,450,680
25,Nov,2016,Saansein,Rajiv S. Ruia,"Rajneesh Duggal, Sonarika Bhadoria, Hiten Tejwani, Neetha Shetty, Sachi Ruia, Amir Dalvi, Vishal Malhotra",Romantic/horror,120,40
2,Dec,2016,Moh Maya Money,Munish Bharadwaj,"Ranvir Shorey, Neha Dhupia, Vidhushi Mehra, Ashwat Bhatt",Crime drama,200,17
9,Dec,2016,Kahaani 2,Sujoy Ghosh,"Vidya Balan, Arjun Rampal, Jugal Hansraj",Thriller,350,328
16,Dec,2016,Befikre,Aditya Chopra,"Ranveer Singh, Vaani Kapoor",Romance,700,600
16,Dec,2016,Wajah Tum Ho,Vishal Pandya,"Sana Khan, Sharman Joshi, Gurmeet Choudhary",Romance/drama,130,105
16,Dec,2016,Dangal,Nitesh Tiwari,"Aamir Khan, Sakshi Tanwar, Fatima Sana Shaikh, Sanya Malhotra, Zaira Wasim",Biopic,900,3873.9
20,Jan,2017,Coffee with D,Vishal Mishra,"Sunil Grover , Zakir Hussain","Comedy,crime",80,5
13,Jan,2017,Haraamkhor,Shlok Sharma,"Nawazuddin Siddiqui , Shweta Tripathi","Comedy,Crime",23,22.7
25,Jan,2017,Kaabil,Sanjay Gupta,"Hrithik Roshan , Yami Gautam","Action,Thriller",500,1760
13,Jan,2017,Ok Jaanu,Shaad Ali,"Aditya Roy Kapur , Shraddha Kapoor","Romance,Drama",270,410
25,Jan,2017,Raees,Rahul Dholakia,"Shah Rukh Khan, Mahira Khan , Nawazuddin Siddiqui","Crime,Action",1270,3080
17,Feb,2017,Chauhar,Raghubeer Singh,"Amit Singh Kashyap, Richa Dixit, Vivek Jha",Romance,0,0
10,Feb,2017,Hind Ka Napak Ko Jawab: MSG Lion Heart 2,Gurmeet Ram Rahim Singh and Honeypreet Insan,"Gurmeet Ram Rahim Singh, Honeypreet Insan","Action,Drama",120,176
17,Feb,2017,Irada,Aparnaa Singh,"Naseeruddin Shah, Arshad Warsi, Sharad Kelkar , Divya Dutta","Thriller,Drama",75,11
10,Feb,2017,Jolly LLB 2,Subhash Kapoor,"Akshay Kumar, Huma Qureshi , Saurabh Shukla",Drama,300,1970
24,Feb,2017,Mona Darling,Shashi Sudigala,"Anshuman Jha, Divya Menon, Suzanna Mukherjee, Sanjay Suri",Thriller,0,0
24,Feb,2017,Rangoon,Vishal Bhardwaj,"Kangana Ranaut, Shahid Kapoor , Saif Ali Khan","War,Drama",800,410
17,Feb,2017,Runningshaadi.com,Amit Roy,"Taapsee Pannu, Amit Sadh , Arsh Bajwa",Comedy,85,134
17,Feb,2017,The Ghazi Attack,Sankalp Reddy,"Rana Daggubati, Taapsee Pannu, Kay Kay Menon , Atul Kulkarni",Action,160,345
24,Feb,2017,Wedding Anniversary,Shekhar S Jha,"Nana Patekar, Mahie Gill, Priyanshu Chatterjee , Shruti Marathe","Romance,Thriller",0,2.4
17,Mar,2017,Aa Gaya Hero,Dipankar Senapati,"Govinda, Ashutosh Rana , Murali Sharma","Action,Comedy",85,13.9
24,Mar,2017,Anaarkali of Aarah,Avinash Das,Swara Bhaskar,Drama,50,10
10,Mar,2017,Badrinath Ki Dulhania,Shashank Khaitan,"Varun Dhawan , Alia Bhatt","Romance,Comedy",450,2069.5
24,Mar,2017,Bhanwarey,Shaurya Singh,"Shaurya Singh, Karan Thakur, Jashan Singh , Priyanka Shukla",Comedy,26,12
3,Mar,2017,Commando 2,Deven Bhojani,"Vidyut Jammwal, Adah Sharma , Esha Gupta",Action,300,260
3,Mar,2017,Jeena Isi Ka Naam Hai,Keshhav Panneriy,"Arbaaz Khan, Ashutosh Rana , Himansh Kohli","Romance,Drama",200,3.15
17,Mar,2017,Machine,Abbas Mustan,"Mustafa Burmawalla , Kiara Advani","Romance,Thriller",300,237
31,Mar,2017,Naam Shabana,Shivam Nair,"Taapsee Pannu, Prithviraj Sukumaran , Akshay Kumar","Action,Thriller",400,367.6
24,Mar,2017,Phillauri,Anshai Lal,"Anushka Sharma, Diljit Dosanjh, Suraj Sharma , Mehreen Pirzada","Romance,Comedy",290,466
31,Mar,2017,Poorna: Courage Has No Limit,Rahul Bose,"Aditi Inamdar, Rahul Bose , Heeba Shah",Thriller,50,33.2
17,Mar,2017,Trapped,Vikramaditya Motwane,"Rajkummar Rao, Geetanjali Thapa , Khushboo Upadhyay",Thriller,50,35.3
21,Apr,2017,Ajab Singh Ki Gajab Kahani,Rishi Prakash Mishra,"Yashpal Sharma, Ajay Kumar Singh, Rajesh Jais","Thriller,Drama",50,0.4
14,Apr,2017,Begum Jaan,Srijit Mukherji,"Vidya Balan, Ila Arun, Gauhar Khan, Sumit Nijhawan , Chunky Pandey",Period Drama,190,209.1
21,Apr,2017,Ek Thi Rani Aisi Bhi,Gulbahar Singh,"Hema Malini, Vinod Khanna, Sachin Khedekar",Biopic,50,0.5
7,Apr,2017,Laali Ki Shaadi Mein Laaddoo Deewana,Manish Harishankar,"Vivaan Shah, Akshara Haasan, Gurmeet Choudhary , Kavita Verma","Comedy,Drama",200,8.1
21,Apr,2017,Maatr,Ashtar Sayed,Raveena Tandon,"Thriller,Drama",50,23.1
7,Apr,2017,Mirza Juuliet,Rajesh Ram Singh,"Darshan Kumar, Pia Bajpai , Chandan Roy Sanyal","Comedy,Drama",50,6.1
7,Apr,2017,Mukti Bhawan,Shubhashish Bhutiani,"Adil Hussain, Lalit Behl , Navnindra Behl",Drama,50,4.7
21,Apr,2017,Noor,Sunhil Sippy,"Sonakshi Sinha, Purab Kohli , Manish Chaudhary","Comedy,Drama",220,75.8
14,Apr,2017,Romeo N Bullet,Aditya Kumar,"Vije Bhatia, Rishi Verma,Mohit Baisla, Raj Kumar",Romance,0,0
14,Apr,2017,Saanjh,Ajay Saklani,"Aditi Charak, Vishal Parpagga , Rupeshwari Sharma",Drama,0,0
26,May,2017,Chakallaspur,Rajnish Jaiswal,"Mukesh Manas, Urmilaa Mahanta","Romance,Drama",12,0.21
19,May,2017,Half Girlfriend,Mohit Suri,"Arjun Kapoor , Shraddha Kapoor","Romance,Drama",480,603.3
19,May,2017,Hindi Medium,Saket Chaudhary,"Irrfan Khan , Saba Qamar","Comedy,Drama",230,696
19,May,2017,Jattu Engineer,"Gurmeet Ram Rahim Singh, Honeypreet Insan","Gurmeet Ram Rahim Singh, Sukhottam Insan",Comedy,0,0
5,May,2017,Mantostaan,Rahat Kazmi,"Raghubir Yadav, Virendra Saxena , Sonal Sehgal","Anthology,Drama",50,0.7
12,May,2017,Meri Pyaari Bindu,Akshay Roy,"Ayushmann Khurrana , Parineeti Chopra",Romance,220,96
26,May,2017,Sachin: A Billion Dreams,James Erskine,Sachin Tendulkar,Biopic,350,509
12,May,2017,Sarkar 3,Ram Gopal Varma,"Amitabh Bachchan, Jackie Shroff, Amit Sadh , Yami Gautam",Political crime Thriller,350,99.4
26,May,2017,Thodi Thodi Si Manmaaniyan,Aditya Sarpotdar,"Arsh Sehrawat, Shrenu Parikh, Shilpa Tulaskar , Mukesh Tiwari",Romance,0,0
2,Jun,2017,A Death in the Gunj,Konkona Sen Sharma,"Vikrant Massey, Ranvir Shorey, Kalki Koechlin, Tillotama Shome, Gulshan Devaiah, Tanuja, Om Puri, Jim Sarbh, Arya Mitra Sharma","Crime,Drama",100,9.5
9,Jun,2017,Bachche Kachche Sachche,Ravi Sadasiv,"Ekta Singh, Ashish Vidyarthi , Mukesh Tiwari","Children,Drama",15,0.11
16,Jun,2017,Bank Chor,Bumpy,"Riteish Deshmukh, Vivek Oberoi , Rhea Chakraborty","Comedy,Thriller",150,74
9,Jun,2017,Behen Hogi Teri,Ajay K Pannalal,"Rajkummar Rao , Shruti Haasan","Romance,Comedy",150,20
2,Jun,2017,Dear Maya,Sunaina Bhatnagar,Manisha Koirala,"Thriller,Drama",100,2
2,Jun,2017,Dobaara: See Your Evil,Prawaal Raman,"Huma Qureshi , Saqib Saleem",Horror,100,19.5
30,Jun,2017,Ek Haseena Thi Ek Deewana Tha,Suneel Darshan,"Shiv Darshan, Natasha Fernandez , Upen Patel",Romance,100,12.5
2,Jun,2017,Flat 211,Sunil Sanjan,"Jayesh Raj , Sonal Singh","Suspense,Mystery",0,0
9,Jun,2017,G Kutta Se,Rahul Dahiya,"Rajbeer Singh , Neha Chauhan",Drama,0,0
2,Jun,2017,Hanuman: Da' Damdaar,Ruchi Narain,"Salman Khan, Raveena Tandon , Kunal Khemu","Animation, Comedy",100,14
9,Jun,2017,Love You Family,Sachindra Sharma,"Salman Yusuff Khan, Aksha Pardasany , Shakti Kapoor",Drama,0,0
9,Jun,2017,Raabta,Dinesh Vijan,"Sushant Singh Rajput, Kriti Sanon , Jim Sarbh","Romance,Thriller",500,257
2,Jun,2017,Sweetiee Weds NRI,Hasnain Hyderabadwala,"Himansh Kohli, Zoya Afroz , Darshan Jariwala","Romance,Comedy",100,1.5
23,Jun,2017,Tubelight,Kabir Khan,"Salman Khan, Sohail Khan , Zhu Zhu","Action,Drama",1000,1193
7,Jul,2017,Guest Iin London,Ashwni Dhir,"Kartik Aaryan, Kriti Kharbanda, Paresh Rawal , Tanvi Azmi",Comedy,250,106.5
28,Jul,2017,Indu Sarkar,Madhur Bhandarkar,"Anupam Kher, Neil Nitin Mukesh, Kirti Kulhari, Tota Roy Chowdhury, Supriya Vinod, Sheeba Chaddha, Parvin Dabas",Drama,100,49.5
14,Jul,2017,Jagga Jasoos,Anurag Basu,"Ranbir Kapoor , Katrina Kaif","Comedy,Romance",750,551
21,Jul,2017,Lipstick Under My Burkha,Alankrita Shrivastava,"Konkona Sen Sharma, Ratna Pathak Shah , Aahana Kumra","Sex,Drama",70,192.5
7,Jul,2017,Mom,Ravi Udyawar,"Sridevi, Akshaye Khanna, Sajal Ali , Nawazuddin Siddiqui","Thriller,Drama",400,373
28,Jul,2017,Mubarakan,Anees Bazmee,"Anil Kapoor, Arjun Kapoor, Ileana D'Cruz , Athiya Shetty","Comedy,Romance",700,556
21,Jul,2017,Munna Michael,Sabbir Khan,"Tiger Shroff, Nidhhi Agerwal , Nawazuddin Siddiqui","Action,Romance",400,329
28,Jul,2017,Raag Desh : Birth Of A Nation,Tigmanshu Dhulia,"Kunal Kapoor, Amit Sadh , Mohit Marwah","Period Drama,Action",100,6.5
14,Jul,2017,Shab,Onir,"Raveena Tandon, Sanjay Suri, Ashish Bisht, Arpita Pal, Simon Frenay, Raj Suri, Gaurav Nanda",Drama,50,2.2
25,Aug,2017,A Gentleman,Raj and D.K.,"Sidharth Malhotra, Jacqueline Fernandez, Darshan Kumar, Suniel Shetty","Action,Romance",600,260
25,Aug,2017,Babumoshai Bandookbaaz,Kushan Nandy,"Nawazuddin Siddiqui, Bidita Bag, Jatin Goswami, Shraddha Das, Anil George, Bhagwan Tiwari, Jeetu Shivhare, Murali Sharma, Divya Dutta, Sachin Chaubey",Action,140,131.5
18,Aug,2017,Bareilly Ki Barfi,Ashwini Iyer Tiwari,"Ayushmann Khurrana, Rajkummar Rao, Kriti Sanon","Comedy,Romance",220,345
4,Aug,2017,Gurgaon,Shanker Raman,"Akshay Oberoi, Ragini Khanna, Pankaj Tripathi, Aamir Bashir, Shalini Vatsa, Srinivas Sunderrajan",Thriller,45,67
4,Aug,2017,Jab Harry Met Sejal,Imtiaz Ali,"Shah Rukh Khan, Anushka Sharma, Evelyn Sharma , Chandan Roy Sanyal",Romance,800,643.5
18,Aug,2017,Partition: 1947,Gurinder Chadha,"Hugh Bonneville, Gillian Anderson, Manish Dayal, Huma Qureshi , Michael Gambon",Drama,0,0
25,Aug,2017,Qaidi Band,Habib Faisal,"Aadar Jain, Anya Singh, Sachin, Prince Parvinder Singh","Musical,Drama",200,4
11,Aug,2017,Toilet: Ek Prem Katha,Shree Narayan Singh,"Akshay Kumar, Bhumi Pednekar, Divyendu Sharma, Anupam Kher, Sana Khan","Comedy,Drama",400,1342.5
25,Aug,2017,Yadvi – The Dignified Princess,Jyoti Singh,"Chandrachur Singh, Charu Vyas, Rahul Godara, Jyoti Singh, Vibhu Raghave, Namya Saxena, Nikkitasha Marwaha, Reshaa Sabarawal, Mini Pandit, Ashwarya Singh",Drama,0,0
18,Aug,2017,Yeh Hai India,Lom Harsh,"Gavie Chahal, Deana Uppal, Mohan Agashe, Mohan Joshi","Patriotic,Drama",0,0
1,Sep,2017,Baadshaho,Milan Lutharia,"Ajay Devgn, Emraan Hashmi, Vidyut Jammwal, Ileana D'Cruz, Esha Gupta, Sanjay Mishra, Sunny Leone Guest appearance in song, Sharad Kelkar, Ravi Kale","Action,crime Thriller",1000,781
22,Sep,2017,Bhoomi,Omung Kumar,"Sanjay Dutt, Aditi Rao Hydari, Sidhant Gupta","Action,Drama",300,106.5
8,Sep,2017,Daddy,Ashim Ahluwalia,"Arjun Rampal, Aishwarya Rajesh, Nishikant Kamat, Anand Ingale, Rajesh Shringarpure, Purnanand Wandekar, Anupriya Goenka, Shruti Bapna, Usha Naik, Shrikant Yadav, Deepak Damle, Raj Arjun, Vijay Sanap, Abhimanyu Arun","Crime,Drama",150,81
22,Sep,2017,Haseena Parkar,Apoorva Lakhia,"Shraddha Kapoor, Sharman Joshi, Siddhanth Kapoor, Rajesh Tailang, Satendra Bagasi, Ankur Bhatia",Biographic Thriller,250,80.5
22,Sep,2017,JD,Shailendra Pandey,"Govind Namdev, Aman Verma, Vedita Pratap Singh, Lalit Bisht, Arvind Gaur","Drama,Thriller",0,0
29,Sep,2017,Judwaa 2,David Dhawan,"Varun Dhawan, Jacqueline Fernandez, Taapsee Pannu, Anupam Kher, Sachin Khedekar, Upasana Singh, Rajpal Yadav, Pavan Malhotra, Ali Asgar, Vivan Bhatena, Vikas Verma, Johnny Lever, Rajat Rawail, Salman Khan (cameo)","Action,Comedy",750,1386
15,Sep,2017,Lucknow Central,Ranjit Tiwari,"Farhan Akhtar, Diana Penty, Deepak Dobriyal, Gippy Grewal, Ronit Roy, Inaamulhaq, Rajesh Sharma",Drama,320,112
22,Sep,2017,Newton,Amit Masurkar,"Rajkummar Rao, Pankaj Tripathi, Anjali Patil, Raghuvir Yadav",Dark Comedy,140,228
15,Sep,2017,Patel Ki Punjabi Shaadi,Sanjay Chhel,"Rishi Kapoor, Paresh Rawal, Vir Das, Prem Chopra, Payal Ghosh, Jinal Belani, Divya Seth, Bharati Achrekar, Tiku Talsania, Shilpa Shinde","Comedy,Drama",0,0
8,Sep,2017,Poster Boys,Shreyas Talpade,"Sunny Deol, Shreyas Talpade, Bobby Deol, Sonali Kulkarni, Randheer Rai, Dilip Prabhavalkar, Elli AvrRam Special Appearance In A Song, Samiksha Bhatnagar, Bharati Achrekar",Comedy,250,127.5
1,Sep,2017,Shubh Mangal Savdhan,R.S. Prasanna,"Ayushmann Khurrana, Bhumi Pednekar, Brijendra Kala, Shubhankar Tripathi, Anshul Chauhan, Anmol Bajaj","Drama,Comedy",240,431
15,Sep,2017,Simran,Hansal Mehta,"Kangana Ranaut, Sohum Shah, Hiten Kumar, Kishori Shahane, Rupinder Nagra",Drama,300,172.5
22,Sep,2017,The Final Exit,Dhwanil Mehta,"Kunaal Roy Kapur, Archana Shastry, Elena Kazan, Reyhna Malhotra, Scarlett Wilson",Horror,42,12
6,Oct,2017,Babu Ji Ek Ticket Bambai,Arvind Tripathi,"Rajpal Yadav, Sudha Chandran, Bharati Sharma, Milind Gunaji",Social Drama,45,0.14
6,Oct,2017,Chef,Raja Krishna Menon,"Saif Ali Khan, Padmapriya Janakiraman , Dhanish Karthik",Comedy,300,64
6,Oct,2017,Deepak,Milind Dhaimade,"Barun Sobti , Vishal Malhotra",Romantic Comedy,0,0
20,Oct,2017,Golmaal Again,Rohit Shetty,"Ajay Devgn, Parineeti Chopra, Tabu, Arshad Warsi, Tusshar Kapoor, Shreyas Talpade, Kunal Khemu, Prakash Raj, Rohit KaduDeshmukh and Neil Nitin Mukesh",Comedy,1000,2057
27,Oct,2017,Jia aur Jia,Howard Rosemeyer,"Kalki Koechlin, Richa Chaddha",Drama,50,9
6,Oct,2017,Mein Terrorist Nahi Hoon,Arjin Uppal,"Gulshan Grover, Rahul Dev, Afiq Muiz, Chacha Maembong, Farida Jalal",Action,50,23.1
13,Oct,2017,Ranchi Diaries,Sattwik Mohanty,"Jimmy Sheirgill, Taaha Shah , Himansh Kohli","Drama,Thriller",0,0
27,Oct,2017,Rukh,Atanu Mukherjee,"Manoj Bajpayee, Smita Tambe, Kumud Mishra, Adarsh Gourav",Drama,50,6.5
19,Oct,2017,Secret Superstar,Advait Chandan,"Zaira Wasim, Meher Vij , Aamir Khan",Musical Drama,500,634
24,Nov,2017,Ajji,Devashish Makhija,"Sudhir Pandey, Sushma Deshpande",Drama,12,0
17,Nov,2017,Aksar 2,Ananth Narayan Mahadevan,"Zareen Khan, Gautam Rode, Abhinav Shukla, Mohit Madaan",Thriller,180,56
17,Nov,2017,Dil Jo Na Keh Saka,Naresh Lalwani,"Himansh Kohli, Priya Banerjee",Romantic Drama,100,1
3,Nov,2017,Ittefaq,Abhay Chopra,"Sidharth Malhotra, Sonakshi Sinha , Akshaye Khanna",Thriller,240,302
24,Nov,2017,Julie 2,Deepak Shivdasani,"Raai Laxmi, Ravi Kishan , Aditya Srivastava",Erotic Thriller,200,22.5
24,Nov,2017,Kadvi Hawa,Nila Madhab Panda,"Sanjay Mishra, Ranvir Shorey, Tillotama Shome, Bupesh Singh, Ekta Sawant","Drama,disaster",0,2.5
17,Nov,2017,Panchlait,Prem Prakash Modi,"Amitosh Nagpal, Anuradha Mukherjee , Yashpal Sharma",Romantic Comedy,0,0.3
10,Nov,2017,Qarib Qarib Singlle,Tanuja Chandra,"Irrfan Khan, Parvathy, Brijendra Kala","Romance,Comedy",200,170.5
3,Nov,2017,Ribbon,Rakhee Sandilya,"Kalki Koechlin, Sumeet Vyas, Hitesh Malhan",Drama,0,0
28,Nov,2017,Saankal,Dedipya Joshii,"Tanima Bhattacharya, Chetan Sharma, Harish Hariaudh",Drama,150,9.5
10,Nov,2017,Shaadi Mein Zaroor Aana,Ratnaa Sinha,"Rajkummar Rao, Kriti Kharbanda","Romance,Drama",150,110
3,Nov,2017,The House Next Door,Milind Rau,"Siddharth, Andrea Jeremiah , Atul Kulkarni",Horror,150,200
10,Nov,2017,The Window,VK Choudhary,"Amit Kumar Vashisth, Teena Singh , Preeti Sharma",Suspense Thriller,0,0
17,Nov,2017,Tumhari Sulu,Ruchi Chaudhari,"Vidya Balan , Manav Kaul","Social,Comedy",200,361.5
1,Dec,2017,Firangi,Rajiv Dhingra,"Kapil Sharma, Varun Badola , Edward Sonnenblick",Comedy,450,102.7
8,Dec,2017,Fukrey Returns,Mrighdeep Singh Lamba,"Pulkit Samrat, Priya Anand , Varun Sharma",Comedy,300,1208.3
8,Dec,2017,Game Over,Paresh Vinodray Savani,"Rajesh Sharma, Yashpal Sharma, Gurleen Chopra","Suspense,Thriller",73,50
15,Dec,2017,Monsoon Shootout,Amit Kumar,"Nawazuddin Siddiqui, Vijay Varma , Tannishtha Chatterjee","Crime,Thriller",100,10
8,Dec,2017,Sallu ki Shaadi,Mohammad Israr Ansari,"Zeenat Aman, Kiran Kumar, Asrani, Kshayp, Arshin and Sandeep Anand",Comedy Drama,50,0
1,Dec,2017,Tera Intezaar,Raajeev Waalia,"Arbaaz Khan , Sunny Leone",Romantic Thriller,200,20.7
22,Dec,2017,Tiger Zinda Hai,Ali Abbas Zafar,"Salman Khan , Katrina Kaif","Action,Drama",2100,5450
